I,F,G,A,H,T
0,0,Female,36,173,150
1,1,Female,39,173,150
0,0,Male,50,189,48
2,2,Male,56,189,48
0,0,Female,56,161,32
3,3,Male,54,161,32
0,0,Female,32,169,61
4,4,Female,30,169,61
0,0,Male,31,183,71
5,5,Male,32,183,71
0,0,Male,37,175,279
6,6,Male,43,175,279
5,0,Male,37,175,131
0,0,Male,52,196,43
7,7,Male,44,196,43
0,0,Female,61,172,90
8,8,Female,61,172,90
0,0,Male,32,181,136
9,9,Male,38,181,136
0,0,Female,30,173,84
10,10,Female,29,173,84
0,0,Female,28,165,289
11,11,Female,28,165,289
0,0,Male,48,181,109
12,12,Male,47,181,109
0,0,Male,48,177,130
13,13,Male,48,177,130
0,0,Female,28,166,13
14,14,Female,27,166,13
0,0,Male,14,178,281
15,15,Male,12,178,281
0,0,Male,33,181,291
16,16,Male,31,181,291
0,0,Male,50,168,69
17,17,Male,50,168,69
2,0,Male,43,184,48
0,0,Male,54,184,204
18,18,Male,54,184,204
15,0,Female,25,166,183
0,0,Male,42,166,183
19,19,Male,42,166,183
0,0,Male,72,178,65
20,20,Male,41,178,65
0,0,Female,21,160,130
21,21,Female,23,160,130
0,0,Male,31,174,189
22,22,Female,29,174,189
0,0,Male,44,185,314
23,23,Male,44,185,314
0,0,Male,38,179,297
24,24,Male,39,179,297
0,0,Female,34,173,85
25,25,Male,29,173,85
0,0,Female,30,171,305
26,26,Female,30,171,305
0,0,Male,63,183,225
27,27,Male,40,183,225
0,0,Female,25,162,213
28,28,Female,26,162,213
0,0,Male,51,179,72
29,29,Male,49,179,72
0,0,Male,34,159,117
30,30,Male,41,159,117
0,0,Male,40,170,250
31,31,Male,44,170,250
0,0,Male,36,196,301
32,32,Male,36,196,301
0,0,Female,22,156,66
33,33,Female,22,156,66
31,0,Male,36,176,24
0,0,Female,25,166,141
34,34,Female,23,166,141
0,0,Male,48,165,198
35,35,Male,35,165,198
8,8,Female,50,163,91
0,0,Male,39,188,228
36,36,Male,36,188,228
0,0,Female,41,147,181
37,37,Female,41,147,181
5,5,Male,47,190,132
0,0,Male,37,192,15
38,38,Male,41,192,15
0,0,Female,24,181,185
39,39,Female,27,181,185
0,0,Female,28,154,275
40,40,Female,28,154,275
0,0,Male,30,175,16
41,41,Male,30,175,16
0,0,Female,33,192,276
42,42,Female,33,192,276
0,0,Male,37,177,67
43,43,Male,37,177,67
0,0,Female,31,161,252
44,44,Female,31,161,252
12,0,Male,48,170,37
22,0,Female,39,178,315
39,39,Female,20,176,184
13,0,Male,39,183,130
0,0,Female,29,162,228
45,45,Female,19,162,228
0,0,Male,28,185,221
46,46,Male,35,185,221
0,0,Male,33,184,255
47,47,Male,30,184,255
4,0,Female,32,154,153
29,0,Male,41,182,71
0,0,Male,44,181,83
48,48,Male,46,181,83
0,0,Male,31,178,250
49,49,Male,33,178,250
2,2,Male,41,182,49
27,0,Male,29,180,184
0,0,Male,56,181,231
50,50,Male,56,181,231
36,0,Male,45,189,228
0,0,Female,23,174,90
51,51,Female,0,174,90
0,0,Male,33,182,296
52,52,Male,32,182,296
0,0,Female,38,170,19
53,53,Female,38,170,19
0,0,Male,38,177,285
54,54,Male,38,177,285
1,0,Male,39,164,149
0,0,Male,27,173,149
55,55,Male,28,173,149
0,0,Female,40,174,260
56,56,Female,30,174,260
55,55,Male,28,180,150
0,0,Female,42,161,4
57,57,Female,31,161,4
29,0,Male,46,184,73
0,0,Male,37,167,189
58,58,Male,35,167,189
0,38,Male,40,184,181
59,59,Male,40,184,181
0,0,Female,38,181,53
60,60,Female,38,181,53
0,0,Female,43,184,294
61,61,Female,43,184,294
0,0,Female,37,158,113
62,62,Female,37,158,113
0,0,Male,48,177,38
63,63,Male,50,177,38
13,0,Male,21,190,129
34,34,Female,24,167,144
53,0,Male,25,181,18
0,0,Female,29,156,227
64,64,Female,30,156,227
0,0,Male,54,186,245
65,65,Male,54,186,245
23,0,Male,35,193,157
0,0,Male,19,189,89
66,0,Male,23,189,89
0,0,Male,50,169,263
67,67,Male,43,169,263
52,0,Male,48,183,260
32,0,Male,25,196,247
26,0,Female,27,165,314
0,0,Male,33,172,256
68,68,Male,36,172,256
0,0,Female,28,161,235
69,69,Female,30,161,235
31,0,Male,30,179,250
12,0,Male,44,180,37
0,0,Female,33,140,200
70,70,Female,38,140,200
41,0,Male,38,184,251
25,0,Male,33,180,31
1,0,Female,43,160,161
69,0,Female,49,156,279
0,0,Female,19,153,262
71,71,Female,16,153,262
30,0,Female,24,154,202
9,0,Male,26,194,135
41,0,Male,54,180,4
0,0,Male,35,182,49
72,72,Male,32,182,49
59,38,Male,42,186,181
0,4,Female,21,169,317
73,73,Female,21,169,317
51,0,Female,37,178,274
24,0,Male,50,186,297
44,0,Female,30,165,32
25,0,Male,39,169,24
0,0,Female,44,167,260
74,74,Female,44,167,260
58,0,Male,11,176,41
61,0,Male,33,177,295
23,23,Male,46,181,312
0,0,Male,54,195,299
75,75,Male,51,195,299
63,0,Male,29,184,41
64,0,Female,38,150,227
65,53,Male,38,186,122
10,10,Male,37,179,84
22,0,Female,41,175,188
0,0,Male,47,181,107
76,76,Male,45,181,107
50,68,Male,45,184,246
76,0,Male,42,172,333
41,0,Male,52,193,4
0,0,Male,65,194,13
77,77,Male,65,194,13
12,12,Male,56,173,37
76,0,Male,29,177,333
0,0,Female,35,164,39
78,78,Female,34,164,39
67,0,Female,28,182,183
73,0,Female,24,163,1
6,0,Male,30,178,279
15,0,Female,31,171,151
50,0,Male,33,177,246
8,0,Male,64,162,93
11,0,Female,30,166,305
58,0,Male,39,183,190
0,0,Male,54,167,32
79,79,Female,61,167,32
31,0,Male,55,173,250
37,0,Female,31,158,122
0,0,Female,25,179,188
80,80,Female,26,179,188
64,0,Female,29,159,117
18,18,Male,48,192,91
25,0,Male,47,171,24
42,42,Female,29,187,96
0,0,Male,39,172,324
81,81,Male,41,172,324
53,53,Male,40,180,161
61,0,Female,36,188,294
16,0,Male,51,174,220
16,0,Male,56,185,220
19,0,Male,48,163,181
28,28,Female,34,172,138
0,0,Male,31,156,286
82,82,Male,31,156,286
0,0,Male,32,164,241
83,83,Male,32,164,241
20,59,Male,45,178,326
51,0,Female,37,173,90
17,0,Female,34,165,25
8,0,Female,51,173,56
19,0,Female,30,163,22
0,0,Female,61,180,326
84,84,Female,65,180,326
0,0,Male,43,168,216
85,85,Male,41,168,216
79,0,Female,39,172,188
2,0,Male,40,186,272
0,0,Female,30,171,60
86,86,Female,26,171,60
47,0,Male,38,173,254
0,0,Male,47,183,282
87,0,Male,55,183,282
9,0,Male,44,184,135
22,22,Female,45,184,144
71,0,Female,44,160,263
30,0,Female,25,164,120
44,0,Female,32,153,172
59,59,Male,48,193,286
0,0,Male,35,168,138
88,88,Male,32,168,138
81,0,Male,32,179,115
66,0,Female,27,187,149
14,0,Female,46,162,16
44,0,Female,31,160,33
87,0,Female,44,173,319
42,0,Female,51,186,274
35,0,Female,39,157,198
79,79,Female,50,163,29
85,0,Male,32,169,216
38,0,Female,0,184,87
51,0,Female,36,178,165
0,0,Male,31,166,267
89,89,Male,31,166,267
2,0,Male,30,181,50
14,0,Female,29,152,229
81,0,Male,20,169,115
8,8,Female,43,168,132
3,0,Female,27,172,240
82,0,Female,24,165,232
49,0,Male,24,175,249
6,59,Male,32,178,155
36,36,Male,59,189,23
30,30,Female,31,150,202
89,0,Male,55,159,268
83,0,Male,22,174,65
45,0,Female,21,155,228
13,0,Male,37,185,323
0,0,Female,36,168,221
90,90,Male,36,168,221
83,0,Male,54,182,240
55,55,Male,28,197,108
28,0,Female,38,176,139
39,39,Female,26,174,236
80,0,Female,28,181,185
69,69,Male,33,149,327
6,0,Male,9,190,155
77,77,Male,66,173,11
0,0,Male,29,190,109
91,91,Female,29,190,109
45,0,Female,34,154,228
37,0,Female,29,162,195
73,0,Female,31,166,317
11,0,Female,24,172,306
52,0,Male,28,169,202
4,0,Female,37,169,0
15,0,Female,16,176,285
85,36,Male,41,183,3
65,36,Male,31,183,170
41,41,Male,57,176,14
55,55,Male,26,186,109
20,0,Male,27,169,66
32,0,Male,41,194,247
35,0,Female,42,165,226
0,0,Male,52,184,3
92,92,Male,51,184,3
16,0,Male,39,176,290
18,18,Male,52,186,202
57,0,Female,32,165,18
65,0,Male,28,197,167
52,0,Male,47,179,296
12,12,Female,50,177,38
34,0,Male,23,174,17
41,0,Male,54,178,4
60,0,Female,25,172,50
35,0,Male,50,160,152
0,0,Male,57,173,176
93,93,Male,56,173,176
84,0,Male,64,181,324
34,0,Female,25,170,14
71,0,Male,21,154,326
92,0,Male,37,174,2
69,69,Male,46,160,326
76,0,Male,25,178,298
88,0,Male,41,175,110
39,39,Female,22,180,236
79,0,Female,31,165,95
73,0,Female,33,166,228
66,0,Male,24,186,149
0,0,Female,47,177,220
94,0,Male,38,177,220
86,0,Female,28,159,58
57,0,Female,30,170,2
81,0,Male,21,175,115
27,0,Male,30,171,213
0,0,Female,24,173,101
95,95,Female,23,173,101
57,0,Female,34,170,2
17,0,Male,52,161,190
13,13,Male,34,186,324
0,0,Female,27,162,319
96,96,Female,27,162,319
38,0,Male,45,179,86
0,0,Male,48,187,102
97,97,Male,45,187,102
15,0,Male,59,156,151
13,13,Male,36,180,204
48,48,Male,47,171,300
77,0,Male,45,178,13
88,0,Male,58,188,249
46,0,Male,34,175,193
95,0,Female,27,175,55
65,0,Male,47,188,171
14,0,Female,35,157,228
25,0,Male,40,177,29
74,0,Male,34,157,283
49,49,Male,30,175,243
48,0,Male,42,183,110
82,0,Female,32,170,285
21,0,Female,29,153,130
21,0,Female,22,172,129
80,80,Female,28,175,186
31,0,Male,47,187,249
41,0,Male,50,183,248
72,0,Male,23,170,293
4,4,Female,42,175,4
95,0,Female,27,167,55
16,0,Male,45,177,72
37,37,Female,24,154,181
34,0,Female,25,164,145
6,0,Male,26,181,155
0,0,Male,54,173,9
98,98,Male,54,173,9
86,86,Female,29,170,95
72,0,Male,27,174,203
91,91,Female,27,182,313
7,0,Male,42,191,255
31,0,Male,36,181,248
82,82,Female,25,155,103
84,0,Male,63,181,335
76,76,Male,38,188,108
10,0,Female,34,166,219
29,0,Male,54,175,73
80,0,Female,34,174,291
59,0,Female,49,185,79
35,0,Male,43,173,153
20,20,Male,37,174,329
89,0,Female,32,161,268
97,0,Male,45,195,35
74,0,Female,36,164,286
0,0,Male,34,183,299
99,99,Male,31,183,299
68,0,Male,32,182,258
94,0,Male,40,181,61
54,54,Male,34,176,285
19,0,Female,33,164,67
95,0,Female,34,170,259
56,0,Female,37,172,261
94,0,Male,40,194,212
3,0,Female,37,157,34
98,98,Male,53,173,100
59,59,Male,43,186,81
5,0,Male,43,172,135
87,0,Female,36,174,129
30,0,Female,23,152,203
28,0,Female,32,167,138
52,0,Male,41,183,294
27,27,Male,32,170,184
97,0,Male,53,182,56
93,93,Male,59,174,176
38,0,Male,37,187,86
1,0,Female,31,162,160
18,0,Male,34,186,204
46,0,Male,36,187,193
46,46,Male,31,178,219
81,0,Female,28,180,141
84,0,Male,64,185,137
56,0,Female,40,169,261
11,0,Female,32,170,287
64,0,Female,29,159,117
63,0,Male,27,173,255
76,0,Male,37,186,334
0,0,Male,37,186,54
100,100,Male,37,186,54
38,38,Male,50,172,86
71,0,Male,47,153,265
36,36,Male,44,183,232
94,0,Female,0,181,220
56,0,Female,35,159,260
82,0,Male,34,171,103
62,0,Female,40,161,113
75,75,Male,39,196,131
28,0,Female,30,172,31
92,0,Male,53,182,251
85,0,Female,33,164,167
68,68,Male,32,183,256
59,0,Male,42,187,289
37,37,Female,27,157,123
56,0,Female,36,170,260
11,0,Female,34,172,289
98,0,Male,54,182,12
33,0,Female,14,165,67
49,0,Male,23,182,327
66,0,Male,27,186,92
53,0,Male,36,193,161
36,0,Male,45,185,229
88,0,Female,35,179,141
81,0,Male,30,166,141
97,0,Male,17,180,58
93,0,Male,29,177,173
89,0,Female,27,166,267
47,0,Male,36,180,42
95,0,Female,27,171,100
97,0,Male,66,187,59
55,0,Male,30,183,150
36,0,Male,59,186,228
78,0,Female,28,168,39
36,0,Male,56,201,232
42,42,Female,31,196,95
70,0,Female,9,164,67
64,64,Female,32,159,228
34,0,Female,28,168,14
11,0,Female,38,169,289
86,0,Female,29,168,58
66,0,Male,33,190,148
56,56,Female,32,178,59
92,0,Male,61,188,112
86,0,Female,36,176,96
46,46,Male,32,177,193
59,0,Male,35,185,183
50,68,Male,32,196,243
3,0,Female,36,175,237
44,0,Male,28,164,170
85,0,Male,25,164,216
84,84,Male,63,177,138
76,0,Male,39,177,298
80,0,Female,34,180,185
10,0,Male,48,174,218
42,42,Female,28,191,96
33,0,Female,28,168,168
30,0,Female,16,142,129
96,0,Female,24,160,335
66,0,Female,22,183,148
98,0,Male,38,174,143
50,0,Male,36,194,230
60,0,Female,33,173,325
36,36,Male,39,188,306
3,0,Female,35,161,80
18,0,Male,36,199,203
50,0,Male,20,169,230
51,0,Female,30,172,274
88,0,Male,52,176,247
37,0,Female,33,166,124
85,0,Male,37,178,214
32,0,Male,38,196,73
18,0,Male,50,172,205
25,0,Male,54,183,22
92,0,Male,42,180,251
42,42,Female,30,195,273
86,0,Female,23,170,99
88,0,Male,38,181,141
42,42,Female,24,196,95
43,0,Male,41,177,69
99,0,Male,41,186,299
26,0,Female,27,173,237
17,0,Male,57,171,68
1,0,Female,41,162,160
61,61,Female,36,187,215
63,0,Male,29,176,255
72,0,Male,26,168,292
97,0,Male,61,193,100
54,0,Female,31,175,47
34,0,Female,56,177,17
37,0,Female,25,164,123
99,0,Male,43,183,333
32,0,Male,34,194,302
69,0,Female,45,153,234
60,0,Female,31,169,235
29,0,Male,59,172,73
92,92,Male,36,173,113
73,73,Female,32,170,228
5,0,Male,36,184,133
89,0,Female,28,156,267
19,0,Female,48,161,67
25,0,Male,55,168,85
11,11,Female,21,161,307
20,0,Female,67,172,329
42,42,Female,31,194,48
64,64,Female,22,151,113
59,59,Male,39,184,81
82,82,Female,23,157,103
40,0,Female,31,157,124
63,0,Male,36,183,188
55,55,Male,27,175,142
54,0,Male,43,182,246
44,44,Female,21,148,252
5,0,Male,31,183,133
90,0,Male,55,173,65
74,74,Female,34,160,280
37,0,Female,29,166,123
45,45,Female,26,166,91
44,0,Female,33,147,250
68,0,Male,42,185,256
75,0,Male,57,175,133
69,69,Female,40,157,277
91,91,Female,28,190,312
55,55,Male,42,184,109
97,0,Male,46,182,34
13,13,Male,32,180,203
72,72,Male,25,182,50
86,0,Female,27,171,95
45,0,Female,26,152,229
74,74,Female,30,178,281
16,0,Male,59,179,72
33,0,Female,28,157,67
79,79,Female,28,167,30
73,0,Female,33,163,1
50,50,Male,36,185,283
83,83,Male,60,172,241
89,0,Female,38,164,313
80,0,Male,51,179,291
59,59,Male,40,186,181
4,4,Female,40,167,3
23,23,Male,40,176,207
19,0,Female,36,169,181
63,0,Male,35,168,188
42,42,Female,36,195,97
65,0,Male,48,192,242
40,0,Female,26,156,94
87,0,Female,49,166,282
33,0,Female,26,166,68
99,0,Female,0,180,298
92,0,Male,46,179,3
63,0,Male,37,178,253
86,0,Male,27,180,58
70,0,Female,35,164,200
79,79,Female,40,181,189
48,0,Male,43,181,300
73,0,Female,44,159,4
70,0,Female,33,171,201
40,0,Male,37,159,125
2,0,Male,56,177,50
48,0,Male,45,172,83
40,40,Female,29,166,94
95,0,Female,31,165,55
77,0,Male,55,187,10
80,0,Male,13,163,64
52,0,Female,36,184,260
9,0,Male,24,181,50
42,42,Female,25,186,48
58,58,Male,37,182,189
83,83,Male,45,170,238
2,0,Male,32,176,34
37,0,Female,25,166,192
11,0,Female,32,178,287
2,0,Male,44,180,50
7,0,Male,40,185,255
84,0,Male,60,191,139
88,0,Male,54,179,108
22,0,Female,35,179,317
27,0,Male,32,165,213
12,0,Male,53,179,109
27,0,Female,20,175,213
23,0,Male,37,176,207
78,0,Female,25,174,75
47,0,Male,52,175,256
71,71,Female,50,160,262
21,0,Female,21,165,331
71,0,Male,43,149,326
61,0,Male,35,185,235
96,96,Female,26,154,276
31,0,Male,31,177,59
17,0,Female,54,175,25
83,0,Male,53,170,241
14,0,Female,30,154,323
100,100,Male,35,197,273
48,0,Male,13,180,109
28,28,Female,34,170,213
90,0,Female,57,176,224
91,91,Female,24,181,194
83,0,Male,47,170,51
10,0,Female,35,181,84
43,0,Male,40,166,69
46,46,Male,32,188,102
59,59,Male,51,183,286
28,28,Female,24,163,212
91,0,Female,33,188,194
9,0,Male,29,187,135
100,100,Male,39,169,33
87,0,Female,45,179,282
94,0,Male,52,183,220
51,0,Male,34,171,274
23,0,Male,39,186,159
19,0,Female,32,160,65
47,47,Male,30,179,255
16,0,Male,46,196,74
88,0,Male,61,184,247
94,0,Male,39,183,221
51,0,Female,36,173,166
2,2,Male,36,192,274
61,0,Male,27,171,232
39,39,Female,22,169,236
25,0,Male,40,175,31
63,0,Male,29,175,188
53,0,Male,52,171,159
17,0,Male,21,180,25
49,49,Male,30,176,243
7,0,Male,44,185,44
100,0,Male,43,189,31
78,0,Female,20,149,143
76,0,Male,27,178,331
47,0,Male,33,187,39
48,0,Male,60,188,85
14,0,Female,21,166,228
50,0,Female,0,182,231
73,0,Female,37,179,1
34,0,Male,22,167,145
90,0,Female,41,165,223
38,0,Male,38,181,15
62,0,Male,31,152,113
26,0,Female,24,174,305
4,0,Female,34,173,3
32,0,Male,38,184,75
19,0,Male,18,166,27
6,6,Male,36,192,100
83,0,Male,56,181,63
97,0,Male,47,184,56
69,69,Female,36,159,277
19,0,Female,31,165,67
46,46,Male,31,186,220
43,0,Male,38,187,69
46,0,Male,40,177,217
100,0,Female,33,177,32
71,0,Female,25,156,262
62,0,Female,43,157,232
27,27,Male,20,170,184
28,28,Female,34,159,137
75,0,Female,44,196,283
90,0,Male,60,171,68
97,0,Male,67,180,58
54,0,Male,10,181,285
98,0,Male,65,186,11
15,0,Female,29,166,183
29,0,Male,54,175,25
87,0,Female,27,174,319
72,0,Male,20,181,207
23,23,Male,45,169,314
26,26,Male,19,175,238
58,0,Male,38,185,189
22,0,Female,28,182,316
64,64,Female,32,163,116
91,91,Female,26,188,109
82,0,Female,37,175,103
56,0,Female,43,173,59
91,91,Female,22,180,111
82,82,Female,29,168,286
33,0,Female,45,168,68
56,56,Female,30,175,56
12,12,Male,44,195,278
91,91,Female,24,200,193
72,0,Male,29,177,48
75,75,Male,39,187,134
14,0,Female,22,170,228
43,0,Male,52,179,66
70,0,Female,18,171,200
90,0,Female,48,170,36
62,0,Male,31,148,216
94,94,Male,44,178,221
40,40,Female,27,162,275
40,0,Male,32,160,92
9,0,Female,21,198,134
21,0,Female,25,147,310
77,0,Male,32,187,78
79,79,Female,42,166,92
82,0,Female,29,163,286
8,0,Male,41,167,132
20,0,Male,42,176,328
9,0,Male,52,192,53
99,99,Male,46,191,202
70,70,Female,33,164,201
8,0,Male,53,165,90
78,0,Female,28,164,142
99,0,Male,29,190,201
24,0,Male,40,178,93
75,0,Male,61,187,283
54,0,Female,58,168,48
53,0,Female,51,170,331
61,0,Male,54,179,214
61,61,Female,39,187,294
32,0,Male,29,188,76
38,0,Male,34,179,267
62,0,Female,28,149,227
17,0,Male,46,174,70
19,0,Female,24,150,67
53,0,Male,43,184,331
1,1,Female,40,168,161
15,0,Male,30,161,180
53,53,Male,51,184,162
29,0,Male,52,182,24
69,0,Male,33,154,326
49,0,Male,28,172,249
32,0,Male,34,200,302
35,0,Male,44,171,226
3,0,Female,27,163,32
99,0,Male,29,189,299
63,0,Male,30,180,188
76,0,Male,40,181,108
91,91,Female,41,186,109
23,0,Male,36,180,159
60,0,Female,37,179,323
60,60,Female,33,190,49
58,58,Male,36,195,189
62,0,Female,39,159,113
65,65,Male,31,191,247
73,73,Female,26,163,2
87,0,Female,29,165,318
81,0,Female,35,171,113
64,64,Female,30,162,129
78,0,Female,26,175,75
37,37,Female,22,160,181
60,0,Female,31,175,234
67,0,Female,18,172,183
28,28,Female,35,152,138
24,0,Male,35,181,134
9,0,Male,39,192,49
74,74,Female,38,177,279
56,56,Female,38,167,56
79,0,Male,28,166,188
39,39,Female,19,166,194
89,0,Female,37,158,314
38,0,Male,45,183,17
49,49,Male,32,184,327
80,0,Male,32,160,62
16,0,Male,47,188,291
75,0,Male,34,186,299
84,84,Male,59,185,335
78,0,Female,33,167,77
100,100,Male,35,183,32
65,65,Male,30,183,245
63,0,Male,27,186,187
100,0,Male,38,178,54
98,0,Male,44,165,9
54,0,Male,46,187,285
44,44,Female,29,162,252
75,75,Male,42,194,132
20,20,Male,30,177,329
49,0,Male,27,172,328
56,0,Male,39,175,39
21,0,Female,25,155,311
29,0,Male,47,178,192
95,0,Female,23,168,257
16,0,Male,25,180,220
33,0,Male,43,160,68
40,0,Female,23,160,275
35,0,Female,29,173,198
1,1,Female,29,158,151
30,0,Female,24,162,128
64,0,Female,8,169,113
98,0,Male,52,177,100
81,0,Male,39,177,140
14,0,Female,25,158,322
33,0,Female,36,163,277
24,0,Male,33,191,297
15,0,Male,51,171,181
68,0,Male,47,194,114
17,0,Male,23,179,194
58,58,Male,36,186,42
43,43,Male,41,194,69
90,0,Female,39,170,225
28,0,Female,35,165,31
48,0,Male,45,185,107
8,8,Female,41,163,131
23,23,Male,39,180,157
40,0,Female,27,162,278
27,0,Male,42,176,213
7,7,Male,36,183,254
93,93,Male,63,184,256
22,0,Female,40,174,189
96,0,Female,36,154,276
35,0,Female,42,163,198
67,0,Female,11,180,65
27,27,Male,32,182,228
11,0,Female,28,169,307
77,77,Male,64,183,78
39,39,Female,30,169,195
84,84,Male,54,189,335
47,0,Male,35,195,332
61,0,Female,35,185,213
60,0,Male,36,167,235
54,0,Male,44,183,287
80,0,Male,48,173,290
71,0,Female,34,153,263
1,1,Female,33,169,231
26,0,Female,25,166,306
57,0,Male,29,168,151
8,0,Female,45,163,53
20,0,Male,34,170,65
65,65,Male,39,175,122
98,98,Male,61,172,10
12,0,Female,54,182,37
93,93,Male,70,188,256
51,0,Female,44,169,166
58,0,Female,40,183,41
10,10,Female,32,179,84
13,0,Male,52,179,203
79,79,Female,38,151,188
95,0,Female,43,166,54
33,0,Male,37,163,68
50,0,Male,36,182,246
27,0,Male,51,173,224
85,55,Male,32,178,3
90,0,Female,34,165,67
68,0,Male,30,188,278
32,0,Male,41,190,248
30,0,Male,35,149,128
22,0,Male,49,175,190
1,0,Female,29,162,150
10,0,Female,39,175,217
21,0,Female,36,154,130
21,0,Female,34,153,311
80,0,Male,42,170,290
24,0,Male,64,189,130
12,0,Male,57,178,38
70,70,Female,22,167,198
96,0,Female,38,174,335
46,0,Male,49,181,102
18,18,Male,31,181,205
66,0,Female,21,185,146
36,0,Male,34,191,308
22,0,Female,53,175,143
26,0,Female,29,183,308
10,0,Female,42,172,217
69,69,Male,41,159,325
91,91,Female,36,191,108
24,0,Male,40,188,297
90,90,Female,43,168,39
26,26,Male,22,172,313
57,0,Male,31,166,151
16,0,Male,44,185,291
32,0,Male,29,201,248
68,0,Male,68,177,280
65,65,Male,27,194,167
74,74,Female,41,159,286
96,96,Female,26,171,319
94,0,Male,45,195,61
6,6,Male,38,174,153
58,58,Male,38,177,189
60,0,Female,30,179,236
41,41,Male,46,183,7
93,93,Male,60,179,174
5,0,Female,36,174,70
88,0,Male,45,170,247
51,0,Female,27,176,164
41,41,Male,56,184,14
52,0,Female,35,187,204
3,0,Female,40,169,77
67,0,Female,25,189,65
87,0,Female,49,176,130
57,0,Female,34,164,3
33,0,Female,32,156,67
11,11,Female,24,166,287
24,0,Male,46,180,131
54,0,Male,12,187,247
72,0,Male,36,184,51
81,0,Male,39,176,141
72,72,Male,29,180,49
4,0,Female,38,180,152
57,0,Female,33,154,4
97,0,Male,52,181,102
38,0,Female,15,186,16
9,0,Male,43,187,52
99,0,Male,51,185,331
96,96,Female,30,167,276
15,0,Female,63,171,180
15,0,Female,33,169,149
69,69,Female,43,148,278
62,0,Male,44,155,112
43,0,Male,47,194,65
70,70,Female,21,160,202
100,0,Female,15,186,57
71,71,Female,29,149,99
47,47,Male,35,174,39
78,78,Female,23,152,144
89,0,Female,43,174,267
25,0,Female,38,184,29
74,74,Female,36,167,259
79,0,Female,53,167,92
24,0,Male,38,180,93
94,0,Male,43,193,214
67,0,Female,24,181,263
6,6,Male,37,176,153
21,0,Female,27,156,331
29,0,Male,60,190,194
40,40,Female,27,167,92
60,0,Female,19,178,324
77,77,Male,63,189,12
43,43,Male,34,178,64
52,0,Male,44,183,260
53,53,Male,47,186,160
13,13,Male,35,188,129
93,93,Male,49,179,176
4,0,Female,28,166,0
71,0,Female,25,159,265
49,0,Male,31,176,242
47,47,Male,34,185,253
8,8,Female,56,179,53
17,17,Male,49,173,68
55,0,Female,26,191,150
35,35,Female,55,161,226
100,0,Male,39,191,32
89,0,Female,34,169,314
95,0,Female,28,168,54
14,0,Female,32,170,227
4,0,Female,30,165,0
73,73,Female,38,169,318
85,0,Male,37,177,170
76,0,Male,30,187,297
3,0,Female,28,158,79
45,0,Female,41,157,90
18,18,Male,42,182,215
31,0,Male,53,174,25
66,66,Male,34,190,89
46,46,Male,31,188,191
55,55,Male,44,193,144
55,55,Male,25,185,150
10,0,Female,29,181,83
26,0,Female,25,175,313
34,0,Male,28,185,131
67,0,Female,34,179,263
92,0,Male,59,187,112
2,0,Female,26,179,30
3,0,Female,32,166,32
48,0,Male,68,187,83
48,0,Male,68,187,301
7,0,Male,45,176,43
90,0,Male,34,172,221
18,18,Male,53,187,90
93,0,Male,41,182,255
9,0,Female,38,180,134
34,0,Female,24,163,133
84,84,Male,63,175,335
93,93,Male,53,189,259
67,0,Female,28,174,184
84,0,Male,64,189,334
93,93,Male,47,183,173
14,0,Female,30,168,325
74,74,Female,36,171,285
31,0,Male,53,185,247
83,0,Male,68,186,51
96,96,Female,26,169,319
82,82,Female,29,177,283
29,0,Male,50,184,26
36,0,Male,56,192,308
62,0,Female,34,171,227
77,77,Male,72,194,78
6,6,Male,42,175,158
87,0,Female,36,176,279
92,0,Female,45,183,113
72,0,Female,39,158,48
94,0,Male,51,175,221
67,0,Female,26,171,264
45,0,Female,29,162,101
57,0,Female,31,156,4
7,0,Male,54,189,43
68,0,Male,37,176,118
66,66,Male,27,187,91
23,0,Female,32,168,159
83,0,Male,57,178,51
47,47,Male,37,178,38
57,0,Female,27,157,150
4,4,Female,36,170,57
100,100,Male,40,184,55
44,44,Female,28,157,251
68,68,Male,38,178,114
30,0,Female,16,148,117
1,0,Female,34,166,231
70,0,Female,21,165,172
20,0,Male,72,187,328
96,0,Female,48,167,335
95,0,Female,31,170,101
35,0,Female,55,161,198
77,0,Male,73,181,81
49,0,Female,41,179,243
31,0,Male,48,181,60
5,0,Male,38,180,224
61,0,Male,29,187,231
44,0,Male,34,163,171
88,0,Male,27,187,249
12,0,Male,57,179,38
41,41,Male,43,177,14
78,0,Female,48,156,144
96,96,Female,32,176,321
7,7,Male,33,188,45
75,75,Male,39,182,133
43,0,Male,36,178,299
58,0,Male,30,181,189
18,0,Male,38,172,215
39,0,Male,42,185,232
24,0,Male,38,189,93
67,0,Female,21,179,264
78,0,Female,23,170,39
39,0,Female,23,171,236
66,0,Male,32,189,148
3,0,Female,31,171,79
81,0,Male,45,175,114
43,0,Male,53,175,299
54,0,Male,35,192,285
17,17,Male,49,174,189
45,0,Female,23,153,229
50,0,Male,36,183,231
99,0,Male,36,183,200
52,0,Female,36,184,295
70,70,Female,24,169,172
10,0,Male,35,175,63
86,86,Female,29,166,95
22,0,Male,28,169,317
98,0,Male,47,167,143
52,0,Male,30,177,297
68,99,Male,50,177,278
86,0,Female,29,166,58
26,0,Female,22,163,238
5,0,Male,31,179,71
87,0,Female,37,172,321
20,0,Female,67,191,65
92,0,Male,51,180,4
98,0,Male,35,169,8
7,7,Male,40,191,297
45,0,Female,33,147,101
5,0,Male,33,179,132
53,53,Male,47,176,17
25,25,Male,40,181,21
21,0,Female,25,159,310
45,0,Female,25,161,91
85,0,Female,57,180,219
62,0,Female,48,155,229
74,74,Female,32,177,280
51,0,Female,16,182,89
64,0,Female,34,165,227
7,0,Male,41,189,43
38,38,Male,51,185,86
99,99,Male,38,189,332
75,0,Male,52,181,283
39,39,Female,23,186,184
6,0,Male,34,179,98
30,0,Female,25,147,203
13,0,Male,38,170,203
89,0,Female,34,163,46
85,0,Male,40,168,167
77,77,Male,66,187,197
0,0,Female,39,181,155
101,101,Female,32,181,155
0,0,Male,37,185,197
102,102,Male,39,185,197
0,0,Male,52,171,12
103,103,Male,51,171,12
0,0,Male,24,177,99
104,104,Male,25,177,99
0,0,Male,30,181,138
105,105,Male,30,181,138
0,64,Female,29,167,21
106,106,Female,29,167,21
0,0,Female,32,180,229
107,107,Male,31,180,229
0,0,Male,55,179,235
108,0,Male,43,179,235
0,0,Female,18,177,107
109,109,Female,19,177,107
0,0,Male,45,177,151
110,110,Male,48,177,151
0,0,Female,24,167,78
111,111,Female,30,167,78
0,0,Female,31,189,291
112,112,Female,33,189,291
0,0,Male,39,175,13
113,113,Male,28,175,13
0,0,Male,40,159,262
114,114,Male,40,159,262
114,0,Male,45,161,178
0,0,Female,40,167,314
115,115,Female,34,167,314
0,0,Female,44,149,231
116,116,Female,46,149,231
0,0,Male,29,187,196
117,117,Male,29,187,196
112,74,Female,27,175,30
0,0,Female,47,171,266
118,0,Male,41,171,266
107,0,Male,31,178,229
0,0,Male,35,178,18
119,119,Male,35,178,18
0,0,Female,28,166,293
120,120,Female,29,166,293
0,0,Male,59,179,78
121,121,Male,61,179,78
0,0,Female,43,188,145
122,122,Female,43,188,145
0,0,Female,48,182,285
123,123,Female,43,182,285
0,0,Female,38,166,219
124,124,Female,40,166,219
121,0,Male,49,176,172
0,0,Female,44,184,279
125,125,Male,37,184,279
0,0,Male,30,189,306
126,126,Male,34,189,306
0,0,Male,33,191,215
127,127,Male,33,191,215
121,0,Female,66,172,39
0,0,Female,13,157,167
128,128,Female,23,157,167
0,117,Male,24,188,177
129,129,Male,28,188,177
0,0,Male,24,180,115
130,130,Male,24,180,115
115,0,Female,42,162,314
0,0,Male,60,187,124
131,131,Male,56,187,124
0,0,Female,19,175,40
132,132,Female,23,175,40
0,0,Female,30,180,116
133,133,Female,31,180,116
0,0,Female,29,166,119
134,134,Female,29,166,119
122,0,Male,31,183,149
0,0,Female,35,182,110
135,135,Female,34,182,110
0,0,Female,46,170,208
136,136,Female,50,170,208
0,0,Male,25,190,138
137,137,Male,25,190,138
132,0,Male,51,178,38
113,0,Male,35,171,104
136,0,Female,28,159,38
0,0,Male,59,178,198
138,138,Female,55,178,198
0,0,Female,28,174,121
139,139,Female,29,174,121
138,0,Male,36,172,115
103,18,Male,61,179,197
0,0,Male,34,176,307
140,140,Male,34,176,307
0,0,Female,34,167,153
141,141,Female,31,167,153
0,0,Female,24,167,198
142,142,Female,23,167,198
0,0,Male,46,184,319
143,143,Male,43,184,319
0,0,Female,37,157,83
144,144,Female,37,157,83
0,0,Female,42,159,183
145,145,Male,47,159,183
0,0,Male,47,191,202
146,146,Male,47,191,202
0,0,Female,32,154,73
147,147,Male,35,154,73
126,0,Male,39,182,246
0,0,Male,33,199,326
148,148,Male,33,199,326
0,0,Male,40,184,303
149,149,Male,39,184,303
124,0,Male,33,176,235
143,0,Male,69,191,319
135,0,Female,42,169,228
145,0,Male,46,170,179
0,0,Male,31,181,2
150,150,Male,32,181,2
124,74,Female,33,159,235
0,0,Male,37,169,170
151,151,Male,30,169,170
0,0,Male,39,176,183
152,152,Male,56,176,183
122,0,Male,31,183,306
144,0,Female,38,158,84
0,0,Male,35,181,25
153,153,Male,35,181,25
0,0,Male,27,188,335
154,154,Male,27,188,335
105,0,Male,37,182,246
0,0,Male,57,189,232
155,155,Male,57,189,232
0,0,Female,38,156,50
156,156,Female,38,156,50
115,0,Female,27,173,226
0,55,Male,41,179,29
157,157,Male,43,179,29
0,0,Female,33,188,210
158,158,Female,33,188,210
103,0,Male,57,169,197
137,0,Male,29,190,15
0,0,Female,41,168,60
159,159,Male,42,168,60
0,117,Male,39,193,75
160,160,Male,39,193,75
0,0,Female,23,159,143
161,161,Female,26,159,143
0,0,Female,37,161,174
162,162,Female,37,161,174
0,0,Male,23,172,239
163,163,Male,14,172,239
0,0,Female,40,160,213
164,164,Female,41,160,213
112,112,Female,26,167,290
126,0,Male,42,175,305
122,0,Male,27,175,308
117,153,Male,36,182,190
0,0,Male,36,177,258
165,165,Male,34,177,258
0,0,Male,31,198,93
166,166,Male,33,198,93
165,0,Female,45,166,257
0,0,Male,58,157,143
167,167,Male,58,157,143
136,0,Male,44,170,40
111,0,Female,39,159,283
128,14,Female,23,164,183
0,0,Female,38,161,253
168,0,Female,41,161,253
0,0,Male,63,183,72
169,169,Male,63,183,72
159,0,Male,56,159,189
112,112,Female,26,172,290
130,0,Female,29,168,114
140,140,Male,46,182,144
131,0,Male,42,181,124
140,140,Male,49,183,327
152,0,Male,67,186,154
154,0,Male,62,170,294
0,0,Female,41,160,264
170,170,Female,41,160,264
132,0,Female,26,175,41
115,0,Female,36,159,314
0,0,Female,29,180,246
171,171,Female,30,180,246
102,0,Male,38,181,219
155,0,Male,62,183,166
165,0,Male,33,194,23
152,0,Male,58,183,183
0,39,Female,27,163,32
172,172,Female,27,163,32
0,0,Female,27,177,47
173,173,Female,28,177,47
116,0,Female,46,141,231
102,18,Male,42,182,218
0,0,Female,22,170,16
174,174,Female,24,170,16
138,0,Male,36,169,115
150,0,Male,40,177,2
101,0,Female,42,177,17
0,0,Male,40,170,26
175,175,Male,37,170,26
127,0,Male,24,183,37
106,0,Female,43,169,24
160,0,Male,45,186,75
0,0,Female,30,159,242
176,176,Female,30,159,242
0,0,Female,34,174,204
177,177,Female,33,174,204
0,0,Male,56,179,44
178,178,Male,56,179,44
0,0,Female,26,161,272
179,179,Female,26,161,272
157,157,Male,41,196,19
168,0,Female,35,171,256
131,0,Male,35,180,6
155,155,Male,62,173,166
126,126,Male,38,175,244
0,0,Male,53,166,70
180,180,Male,54,166,70
154,0,Male,56,188,335
142,0,Female,21,170,199
175,0,Male,68,182,41
142,0,Female,31,161,198
110,110,Male,50,197,91
116,116,Female,7,138,231
145,0,Female,36,168,162
113,0,Male,19,182,102
0,0,Male,37,187,291
181,181,Male,37,187,291
140,140,Male,42,182,330
0,0,Female,38,162,62
182,0,Female,38,162,62
160,117,Male,43,188,75
126,126,Male,48,177,92
131,0,Female,36,176,123
163,0,Female,40,164,92
136,0,Female,19,169,116
147,0,Female,28,167,62
175,0,Male,38,175,27
0,0,Female,36,183,251
183,183,Female,36,183,251
177,0,Female,28,179,298
111,111,Female,39,152,313
167,0,Female,29,157,231
113,0,Male,30,180,102
134,0,Female,23,158,123
163,0,Female,28,157,126
141,0,Female,25,159,207
133,0,Female,26,176,115
127,0,Male,57,186,216
132,0,Female,24,162,37
121,0,Male,52,177,170
120,0,Female,33,159,179
0,0,Female,37,158,73
184,184,Female,36,158,73
0,0,Female,37,173,194
185,185,Male,38,173,194
101,0,Female,30,167,17
185,0,Male,39,172,194
184,0,Female,35,171,145
0,0,Male,16,173,206
186,186,Male,17,173,206
116,116,Female,45,140,234
143,0,Male,43,184,320
167,0,Female,31,157,71
0,0,Female,41,160,79
187,187,Female,45,160,79
124,124,Female,24,156,237
127,0,Male,48,185,37
167,0,Female,31,149,232
130,130,Female,29,180,324
0,0,Female,34,163,60
188,188,Female,37,163,60
171,0,Male,33,177,213
0,0,Female,22,160,282
189,189,Female,19,160,282
150,0,Male,36,183,278
152,152,Male,55,188,97
167,0,Female,29,148,143
141,141,Female,30,160,209
171,0,Female,33,192,318
0,0,Female,11,179,312
190,190,Female,18,179,312
121,0,Female,65,183,40
140,0,Female,50,183,307
0,0,Female,27,177,92
191,191,Female,24,177,92
148,0,Male,21,196,323
165,0,Female,38,180,258
117,117,Male,35,196,190
0,0,Female,37,166,333
192,192,Female,37,166,333
110,0,Male,46,177,326
135,0,Female,25,166,109
120,0,Female,39,173,81
0,0,Female,29,181,147
193,193,Female,29,181,147
120,0,Male,14,168,80
117,99,Male,45,186,200
146,13,Male,34,185,207
0,0,Female,30,159,223
194,194,Female,30,159,223
114,0,Female,27,169,154
106,106,Female,29,177,21
109,0,Female,33,178,108
114,114,Female,38,172,153
186,0,Male,39,181,206
114,114,Female,45,178,179
174,0,Female,29,170,217
0,0,Female,29,173,226
195,195,Female,30,173,226
157,157,Male,54,188,16
162,162,Female,43,175,170
189,0,Male,26,156,200
173,0,Female,31,174,47
128,0,Female,32,155,205
118,0,Female,28,177,171
166,166,Male,31,183,177
123,0,Female,28,173,335
195,195,Female,41,178,226
138,0,Male,50,164,115
136,0,Female,25,159,208
106,0,Female,27,174,25
107,107,Male,31,168,110
113,0,Male,36,184,14
172,172,Female,28,162,188
117,117,Male,35,188,218
171,0,Male,27,174,246
187,0,Female,37,166,290
166,0,Male,35,200,178
119,0,Female,41,174,144
110,0,Male,46,178,151
185,0,Male,36,184,141
113,0,Male,32,176,14
171,0,Female,28,179,213
177,0,Male,32,168,300
121,0,Male,55,172,174
142,142,Female,31,162,198
182,0,Female,27,162,55
168,0,Female,33,158,53
149,0,Female,44,188,11
180,0,Female,25,174,70
123,0,Female,29,184,274
0,0,Male,26,164,289
196,196,Male,27,164,289
181,0,Male,41,185,291
156,156,Female,23,152,165
147,0,Female,27,171,298
187,0,Female,58,157,291
168,168,Female,27,179,52
195,195,Female,28,167,8
105,0,Male,56,185,247
0,0,Male,47,172,147
197,197,Male,46,172,147
166,0,Male,34,192,96
139,195,Female,39,189,122
162,162,Female,38,177,258
168,0,Female,30,161,54
192,0,Female,31,163,35
165,0,Male,30,180,259
0,0,Female,34,173,331
198,198,Female,35,173,331
176,0,Female,30,164,177
162,0,Female,33,174,170
170,0,Female,24,164,263
174,0,Male,25,162,14
131,0,Male,30,176,201
161,0,Female,22,173,58
158,0,Male,44,188,273
168,168,Female,34,177,257
194,194,Female,33,159,331
161,0,Female,26,168,142
192,0,Female,28,164,333
164,164,Female,41,166,112
160,0,Female,40,198,137
156,0,Female,30,154,50
101,0,Male,25,170,305
141,0,Male,31,166,150
148,0,Male,38,193,38
143,0,Male,41,172,318
189,189,Female,26,163,14
166,166,Male,27,173,92
180,0,Male,55,166,217
191,0,Female,29,172,128
165,0,Female,46,179,226
116,0,Female,23,151,278
115,0,Male,23,161,316
124,124,Female,25,154,219
193,0,Female,38,180,293
157,0,Male,38,194,145
102,0,Female,29,175,219
137,0,Male,28,171,102
0,0,Male,41,177,145
199,199,Male,41,177,145
187,0,Female,46,156,181
109,0,Male,34,174,109
166,166,Male,25,182,95
154,0,Male,50,192,294
161,0,Female,32,167,142
123,0,Female,40,182,335
188,0,Female,33,156,56
143,0,Male,46,178,318
138,138,Male,52,168,198
132,0,Female,29,183,181
140,0,Female,29,180,307
135,39,Female,27,164,58
179,0,Female,32,155,20
194,0,Female,25,153,22
119,0,Female,61,176,142
196,0,Female,27,158,169
171,0,Female,31,174,246
119,0,Female,37,160,144
176,0,Female,48,159,239
188,0,Male,27,156,58
165,165,Male,34,172,23
177,0,Female,37,178,204
153,0,Female,40,176,287
193,0,Female,25,178,293
110,0,Male,58,189,90
199,0,Male,29,178,146
167,0,Female,31,153,231
184,0,Female,49,169,238
163,163,Female,24,149,91
107,0,Female,49,169,296
178,0,Female,38,179,278
169,0,Male,58,171,72
151,0,Male,30,191,277
199,0,Female,21,165,146
171,0,Female,0,185,316
177,177,Female,40,167,203
162,162,Female,32,179,171
186,0,Male,25,172,80
158,0,Female,34,184,209
138,0,Female,55,169,66
110,0,Male,53,194,325
139,0,Male,48,173,122
188,0,Male,25,156,58
101,0,Female,40,169,309
160,0,Male,21,192,138
141,141,Male,31,158,153
188,0,Male,43,145,333
124,0,Female,29,163,147
179,0,Female,30,164,272
0,0,Male,34,180,189
200,200,Male,34,180,189
164,0,Female,43,176,212
118,0,Female,32,175,267
173,0,Female,27,179,275
149,0,Female,42,187,11
169,0,Male,64,184,263
108,0,Male,32,199,236
130,130,Female,28,190,323
154,0,Male,56,172,296
131,0,Female,33,173,3
139,0,Female,30,175,84
123,0,Female,23,178,290
115,0,Female,30,151,314
125,0,Male,59,185,277
138,0,Male,40,184,65
190,0,Female,26,179,127
183,0,Female,38,166,130
191,0,Female,27,176,15
120,120,Female,30,182,176
167,0,Female,29,154,141
200,0,Male,33,182,190
187,0,Female,39,163,76
112,112,Female,29,177,131
137,0,Male,27,179,11
157,157,Male,56,180,147
180,0,Female,31,170,218
144,0,Female,40,164,270
119,119,Female,48,178,143
116,116,Female,6,149,277
189,0,Male,31,164,282
146,0,Male,22,189,203
186,0,Male,29,162,81
194,0,Female,21,168,334
130,130,Female,30,166,112
109,0,Female,25,174,228
149,0,Female,31,186,28
168,0,Female,36,175,52
182,0,Female,31,167,55
122,47,Male,29,182,307
119,0,Female,22,195,144
136,0,Female,25,167,207
199,0,Male,41,179,95
178,0,Male,44,190,302
104,0,Male,31,161,209
142,0,Female,31,175,198
156,156,Female,30,161,167
107,0,Male,52,167,299
137,137,Male,36,185,104
115,0,Female,32,165,314
189,0,Male,27,169,15
155,0,Male,57,179,229
105,0,Male,37,183,243
134,0,Female,56,166,122
155,0,Male,71,179,211
111,111,Female,31,158,315
154,154,Male,53,184,296
150,0,Male,35,184,278
133,0,Male,34,157,233
150,0,Male,31,175,280
159,74,Female,35,163,324
152,0,Male,47,198,97
185,59,Male,41,183,141
113,113,Male,24,186,171
163,0,Male,29,154,94
185,23,Male,36,181,194
145,0,Female,46,182,158
200,0,Male,35,192,188
102,0,Male,29,182,199
187,0,Female,41,150,290
177,0,Female,45,159,202
164,0,Female,19,154,113
122,0,Male,35,187,309
138,0,Male,45,169,112
181,0,Male,31,184,184
107,0,Female,33,179,110
142,0,Female,35,164,199
192,192,Female,33,176,34
144,144,Female,34,155,84
107,0,Male,30,169,229
114,0,Female,38,168,179
146,0,Male,29,173,9
162,162,Female,37,179,170
120,120,Female,25,172,291
127,0,Female,46,185,38
186,0,Male,37,166,81
176,0,Female,25,166,176
103,0,Male,63,190,194
129,0,Male,26,180,85
128,0,Female,24,162,183
140,140,Male,43,187,327
101,0,Male,56,175,155
149,0,Male,60,182,302
167,0,Female,30,157,73
147,0,Female,34,172,60
159,139,Female,31,167,191
166,0,Male,29,185,93
117,0,Male,26,200,217
163,0,Female,30,170,237
116,116,Female,17,142,278
106,0,Male,30,168,22
135,135,Female,29,174,227
139,0,Female,42,179,121
195,195,Female,29,178,227
157,0,Male,47,188,147
153,153,Male,31,182,286
138,0,Male,43,174,66
180,0,Male,42,168,217
173,0,Female,25,166,143
170,0,Male,57,154,91
141,0,Female,25,176,151
120,0,Female,27,162,83
180,0,Female,36,169,220
187,0,Female,35,151,79
180,0,Female,29,169,217
103,0,Female,53,177,197
153,153,Male,30,171,38
182,0,Female,37,159,56
155,155,Male,55,181,167
198,0,Female,27,181,332
197,0,Male,41,176,305
130,130,Female,33,171,113
137,137,Female,27,188,104
124,124,Female,30,164,239
153,0,Female,33,185,286
132,0,Female,21,169,98
200,0,Male,25,174,188
162,0,Female,33,175,255
185,185,Male,39,191,231
109,0,Female,31,166,230
180,0,Female,26,166,290
112,112,Female,30,168,131
148,148,Male,31,195,326
174,0,Female,24,163,214
124,124,Female,25,154,147
199,0,Male,43,171,96
137,0,Male,34,178,139
153,153,Male,29,177,26
137,0,Female,14,184,140
189,0,Female,26,175,201
125,0,Male,41,185,44
116,116,Female,12,150,299
193,193,Female,28,184,147
194,0,Female,23,144,221
190,0,Female,28,172,315
146,0,Male,17,183,249
118,0,Female,34,174,267
127,0,Male,53,181,215
171,0,Male,26,185,247
196,0,Female,24,160,169
158,0,Male,20,187,209
144,144,Female,35,164,29
148,0,Male,37,209,323
112,112,Female,35,173,130
121,0,Male,44,170,170
120,0,Female,38,176,79
157,157,Male,39,191,16
179,0,Female,30,149,228
133,0,Female,32,177,117
185,185,Male,49,177,232
115,0,Female,51,164,227
143,0,Male,47,168,86
158,0,Male,32,182,209
145,0,Female,47,164,157
184,0,Female,35,165,72
196,0,Female,22,154,288
172,172,Female,35,166,32
184,184,Female,31,163,238
164,0,Female,35,172,115
184,184,Female,22,157,239
105,0,Male,31,183,303
156,0,Female,29,159,166
190,190,Female,28,181,305
183,0,Female,26,185,251
155,0,Male,69,176,229
191,0,Female,40,179,14
182,0,Female,32,167,56
165,0,Female,37,167,258
135,0,Female,28,166,227
200,0,Male,37,186,302
125,0,Male,46,182,277
154,154,Male,51,173,335
111,111,Female,28,157,314
110,0,Male,42,180,150
122,122,Male,32,191,308
199,0,Male,41,176,96
130,130,Female,30,179,324
128,0,Male,27,173,185
197,0,Female,42,170,147
159,0,Female,21,173,62
197,0,Male,37,167,280
188,0,Female,30,158,331
195,0,Female,28,167,7
189,0,Female,21,163,282
105,0,Male,38,181,305
177,0,Female,25,184,298
103,0,Male,68,183,11
162,162,Female,30,172,170
178,0,Female,51,186,304
168,168,Female,26,163,52
140,0,Male,45,168,309
198,0,Female,41,180,329
101,0,Female,41,174,18
174,0,Female,28,175,16
149,0,Male,35,180,305
129,0,Male,21,170,178
133,0,Female,25,178,194
140,0,Male,60,179,329
169,0,Male,34,184,222
131,0,Male,53,175,200
127,0,Male,58,187,216
172,0,Female,31,164,32
108,0,Male,41,186,235
130,0,Male,33,174,63
141,0,Female,28,158,208
152,0,Male,65,195,155
193,0,Female,14,174,147
143,0,Male,47,178,320
194,0,Female,33,157,335
149,0,Male,42,179,28
170,0,Female,25,160,91
152,0,Male,62,192,183
125,0,Male,39,190,44
151,0,Male,24,187,279
104,0,Male,43,173,206
198,0,Male,41,182,151
165,0,Male,33,175,23
108,0,Male,31,197,56
191,0,Female,22,173,130
177,177,Female,32,171,208
123,0,Female,29,178,290
164,0,Female,44,173,113
150,150,Male,42,181,4
160,0,Male,44,191,82
173,173,Female,28,174,141
128,0,Female,41,177,205
111,111,Female,31,146,313
136,0,Female,20,165,116
152,0,Female,54,179,97
144,144,Female,27,166,30
114,0,Female,29,166,263
130,0,Female,36,177,113
197,0,Male,42,182,305
131,0,Male,33,178,126
142,142,Female,31,170,197
139,0,Female,34,173,122
194,194,Female,23,167,331
148,148,Male,36,194,324
191,0,Female,25,181,129
164,164,Female,38,155,114
115,0,Female,32,166,225
181,0,Male,34,186,163
171,0,Female,31,180,317
120,120,Female,30,162,292
155,0,Male,57,182,229
126,0,Male,47,175,244
180,0,Female,27,166,70
111,0,Female,29,160,77
187,0,Female,47,149,178
170,0,Female,25,159,231
129,0,Male,33,182,177
125,125,Female,51,191,279
159,0,Female,35,168,326
106,0,Female,29,170,25
192,0,Female,35,176,335
174,0,Male,56,178,16
188,0,Female,29,160,56
108,0,Male,26,190,163
186,0,Male,27,173,191
119,119,Female,43,177,141
127,127,Male,42,183,128
193,0,Male,29,180,313
135,0,Female,28,164,110
169,0,Male,60,190,71
148,148,Female,29,185,324
195,0,Female,58,170,6
151,0,Male,38,190,167
133,0,Male,41,178,195
171,0,Female,24,191,247
166,0,Male,34,188,95
184,184,Female,43,167,145
191,191,Female,29,181,14
177,0,Female,50,173,297
197,0,Male,52,181,148
174,0,Female,22,166,213
151,151,Male,42,192,279
138,0,Male,57,176,198
131,0,Male,50,179,122
172,0,Female,33,159,186
121,0,Male,65,171,77
183,0,Female,35,171,251
179,0,Female,24,151,272
189,189,Female,26,171,15
183,0,Female,27,179,252
134,0,Female,51,159,120
163,0,Female,36,159,126
158,0,Female,28,189,209
158,0,Male,40,190,210
105,0,Female,36,173,305
198,0,Female,33,183,67
197,0,Male,38,184,147
133,0,Female,23,162,231
192,0,Female,40,168,7
129,0,Male,47,178,177
195,195,Female,27,167,112
129,129,Male,25,183,117
179,179,Female,25,168,228
195,0,Male,46,168,226
118,0,Female,31,179,174
176,0,Female,35,155,276
182,0,Female,22,171,54
199,0,Male,42,162,212
121,0,Male,69,175,174
132,0,Female,19,170,96
107,0,Female,27,169,107
169,84,Male,49,184,221
149,0,Male,36,169,28
165,0,Male,56,180,257
106,0,Female,30,173,23
129,129,Male,34,184,179
105,0,Male,38,172,244
122,0,Male,38,184,147
193,193,Female,22,177,310
156,156,Female,29,156,167
128,128,Female,28,166,184
146,146,Male,33,185,252
160,160,Male,34,187,75
112,112,Female,32,166,30
172,172,Female,23,163,30
143,0,Female,20,180,86
181,0,Male,36,172,164
147,0,Female,25,164,75
169,169,Male,48,181,264
149,0,Female,30,175,29
125,117,Female,43,192,44
103,103,Male,66,165,12
179,0,Male,50,154,20
199,0,Male,57,173,95
188,0,Female,26,160,57
148,0,Male,33,204,326
187,0,Female,47,151,181
155,0,Male,55,188,212
109,0,Female,19,174,106
104,104,Male,44,171,130
108,0,Male,24,202,162
196,0,Female,27,144,244
146,0,Male,42,182,248
134,0,Female,30,158,122
114,0,Female,15,165,178
126,126,Male,49,177,94
176,0,Female,61,161,239
198,0,Female,18,176,331
109,0,Female,19,178,106
147,0,Female,22,175,72
160,160,Male,35,189,75
146,146,Male,40,176,10
119,119,Female,48,169,141
104,0,Male,52,173,207
134,0,Female,27,166,119
134,0,Female,18,163,123
116,116,Female,32,139,301
157,0,Female,53,192,18
124,124,Female,31,154,147
161,0,Male,49,162,59
116,116,Female,19,142,300
119,0,Male,23,169,142
156,156,Female,26,162,192
146,0,Male,37,180,201
162,0,Female,34,173,255
139,139,Female,28,178,34
179,179,Female,28,150,22
104,104,Male,24,164,98
122,0,Male,28,189,306
168,168,Female,28,168,256
174,0,Female,41,179,14
119,0,Male,50,179,144
134,0,Female,29,165,13
109,109,Female,20,163,228
104,0,Male,21,167,127
195,195,Female,21,175,226
126,126,Male,44,183,242
200,200,Male,43,177,190
154,0,Male,56,184,295
198,0,Female,26,173,151
200,0,Female,59,174,188
184,184,Female,37,169,148
159,0,Female,27,159,61
191,0,Female,29,159,130
184,184,Female,37,161,147
136,0,Female,28,167,118
168,168,Female,25,154,252
125,0,Male,52,186,140
160,160,Male,49,188,136
117,117,Male,35,184,197
145,0,Male,34,176,335
175,0,Male,41,184,248
129,129,Male,31,181,85
137,0,Male,36,178,14
190,0,Female,26,174,306
175,0,Male,37,175,26
173,0,Female,28,170,142
200,0,Male,46,173,304
166,0,Male,40,179,94
193,0,Female,24,184,295
127,0,Male,56,188,216
197,0,Male,46,161,307
134,0,Female,31,155,12
102,0,Male,47,179,220
134,0,Female,49,163,122
129,0,Male,36,185,118
139,0,Female,31,171,121
185,185,Male,39,191,142
172,0,Female,39,167,189
183,183,Female,35,177,302
156,0,Female,25,153,50
146,0,Male,35,188,203
133,0,Female,30,168,116
153,0,Male,47,177,283
121,0,Male,53,181,172
112,112,Female,30,170,32
148,0,Male,26,192,39
181,99,Male,37,189,293
186,0,Male,27,181,190
178,0,Male,56,193,44
163,0,Female,42,164,237
157,0,Male,34,182,16
167,0,Female,35,158,142
174,0,Female,39,180,216
161,0,Female,34,175,143
159,0,Female,22,162,62
145,0,Female,40,162,335
113,113,Male,34,177,13
150,153,Male,33,179,72
152,0,Male,40,193,97
156,156,Female,25,160,167
189,0,Female,31,174,14
118,0,Female,46,178,267
200,0,Male,44,184,188
145,0,Male,29,164,182
158,0,Male,42,190,273
123,0,Female,55,167,273
170,0,Female,31,173,96
190,0,Female,19,183,311
182,0,Female,29,161,54
196,0,Male,29,152,243
198,198,Female,28,179,150
173,0,Male,26,172,144
105,0,Female,43,181,136
105,0,Male,31,177,138
200,0,Male,37,170,302
151,0,Male,36,173,170
176,0,Female,42,162,239
156,156,Female,23,149,191
196,0,Female,23,161,288
125,125,Male,41,188,279
189,189,Female,27,162,201
144,0,Male,43,172,28
163,0,Female,24,157,92
144,0,Female,39,169,29
194,0,Female,27,162,222
142,142,Female,27,165,57
110,0,Male,39,172,151
114,114,Male,36,162,263
166,0,Male,25,177,176
182,182,Female,31,161,63
139,0,Female,36,176,32
183,0,Female,32,177,303
199,0,Male,39,173,96
102,0,Male,38,179,219
137,0,Male,32,176,14
143,0,Male,60,181,319
175,0,Male,38,163,25
169,169,Male,48,187,221
196,0,Male,29,157,171
163,0,Female,31,160,91
144,0,Female,28,170,27
123,0,Female,28,179,272
159,0,Female,33,167,62
183,0,Female,24,169,303
173,0,Male,31,178,142
178,0,Male,40,186,302
147,147,Female,28,161,74
124,124,Female,28,159,218
183,0,Female,29,182,129
175,0,Male,46,173,40
126,126,Male,49,174,305
143,55,Male,28,177,86
195,0,Female,57,172,115
154,0,Female,47,178,7
155,0,Male,37,187,212
101,0,Female,37,170,305
190,190,Female,19,169,127
170,0,Female,25,158,231
128,0,Female,40,174,183
135,0,Female,18,175,110
179,0,Male,38,155,275
110,0,Male,40,177,328
161,0,Female,21,169,142
111,111,Female,42,158,316
178,0,Male,33,184,280
181,0,Male,42,180,293
190,0,Female,21,154,311
197,0,Male,43,176,282
117,117,Male,25,195,195
102,0,Male,45,191,197
139,0,Female,36,163,32
190,0,Female,27,183,312
104,104,Male,38,175,100
136,0,Female,32,159,117
151,0,Male,23,184,279
142,142,Female,30,151,198
186,0,Male,22,169,206
159,0,Female,38,160,190
145,0,Male,48,160,183
153,153,Male,44,186,26
118,0,Female,28,178,266
130,130,Female,40,174,323
135,0,Female,25,173,57
164,0,Female,45,166,115
188,0,Female,35,162,333
186,0,Male,28,176,192
157,157,Male,41,184,33
185,185,Male,46,182,196
173,173,Female,25,176,47
123,0,Female,32,180,335
148,0,Male,40,202,322
151,0,Male,30,191,168
111,0,Female,21,161,283
133,0,Male,33,172,120
158,158,Female,32,183,273
164,164,Female,38,159,213
180,0,Female,26,160,290
142,142,Female,31,160,199
108,0,Male,48,186,54
151,0,Male,29,176,263
153,153,Male,34,182,282
190,0,Male,29,175,314
182,0,Female,38,154,33
107,0,Male,35,175,299
169,0,Male,56,186,74
118,0,Female,29,186,269
113,0,Male,26,180,13
178,0,Male,30,176,279
175,0,Male,36,177,41
177,0,Female,42,178,298
144,0,Female,32,166,30
112,112,Female,29,168,130
196,196,Female,23,152,288
162,0,Female,48,179,254
161,64,Female,24,181,59
111,111,Female,48,150,284
132,0,Male,30,168,96
172,172,Female,27,170,34
147,0,Female,28,179,62
176,0,Female,31,163,239
178,0,Male,57,193,278
167,0,Male,37,171,143
126,126,Male,42,167,245
182,0,Female,22,168,63
173,0,Female,14,174,49
197,0,Female,59,172,307
132,0,Male,7,154,38
101,0,Female,33,168,306
193,0,Female,31,173,311
178,0,Male,37,202,281
106,0,Female,26,175,21
129,129,Male,32,185,177
104,0,Male,50,177,209
102,0,Female,30,185,205
181,0,Male,45,186,181
115,0,Female,35,160,314
181,0,Male,45,179,181
161,0,Female,28,176,58
136,0,Female,32,164,207
175,0,Male,37,166,249
109,0,Female,31,164,228
172,172,Female,34,170,33
192,0,Female,29,178,4
118,0,Female,28,163,269
170,0,Female,21,158,226
133,0,Female,28,174,233
131,0,Female,47,179,3
108,0,Female,44,179,165
141,0,Female,33,155,49
106,0,Female,24,170,23
172,172,Female,28,183,32
186,0,Male,31,171,206
170,0,Male,33,159,263
110,0,Male,50,181,150
176,0,Female,28,151,239
198,0,Female,33,177,66
101,0,Female,35,175,307
192,0,Male,49,167,334
158,158,Female,39,180,273
132,0,Female,26,178,180
108,0,Male,40,178,163
196,0,Male,33,158,245
194,0,Female,23,171,22
150,150,Male,41,185,5
184,0,Female,27,155,238
151,0,Female,32,173,170
160,160,Male,30,197,81
113,113,Male,30,173,103
102,0,Male,55,178,219
141,0,Male,31,174,48
106,64,Female,32,175,22
193,193,Female,37,180,312
174,0,Female,29,177,215
175,0,Male,46,176,26
191,0,Female,37,170,92
179,0,Female,32,162,231
149,0,Male,43,184,302
161,64,Female,31,180,24
169,0,Male,53,181,264
103,0,Male,53,174,12
107,0,Male,45,178,228
170,0,Female,26,156,263
187,0,Female,40,150,181
103,103,Male,56,178,333
147,0,Female,28,163,62
125,0,Female,53,192,39
192,0,Female,36,175,4
147,0,Female,25,170,62
150,0,Male,28,190,74
145,0,Female,40,161,333
154,154,Male,53,190,296
150,150,Male,29,175,73
114,114,Female,38,168,263
192,0,Female,37,167,35
117,117,Male,34,179,189
120,120,Female,33,167,176
152,0,Male,63,183,154
199,18,Male,53,184,212
109,0,Female,26,171,228
127,0,Male,52,187,37
104,0,Male,42,158,130
141,0,Male,26,156,208
181,0,Male,48,176,163
122,0,Male,58,187,307
176,0,Female,45,146,242
108,0,Male,44,196,236
188,0,Male,21,155,332
194,0,Female,36,168,221
164,164,Female,47,173,26
183,183,Female,28,164,252
140,0,Male,52,193,330
128,0,Female,38,165,205
135,0,Female,29,177,227
198,0,Female,35,180,330
185,185,Male,35,175,141
128,0,Female,27,164,204
123,0,Female,29,178,335
117,117,Male,36,190,217
118,0,Female,29,170,266
153,0,Female,21,188,37
191,0,Female,33,171,129
103,103,Male,69,186,197
